ID,URL,Link Text
1,https://www.tops-int.com,
2,https://www.tops-int.com/study-abroad,Study Abroad
3,https://www.tops-int.com/outsourcing,Outsourcing
4,https://www.tops-int.com/webinar/certificate,Webinar Certificate
5,https://www.tops-int.com/lucky-draw,Lucky Draw
6,https://www.tops-int.com/success-stories,Success Stories
7,https://www.tops-int.com/blog,Blog
8,https://www.tops-int.com/contact-us,Contact Us
9,https://www.tops-int.com/job-fest,Job Fest
10,https://www.tops-int.com/campus-drive,Campus Drive
11,https://www.tops-int.com/it-training-ahmedabad,Ahmedabad (C.G.Road)
12,https://www.tops-int.com/it-training-maninagar,Ahmedabad (Maninagar)
13,https://www.tops-int.com/it-training-sg-road,Ahmedabad (SG Road)
14,https://www.tops-int.com/it-training-nikol,Ahmedabad (Nikol)
15,https://www.tops-int.com/it-training-vadodara,Vadodara
16,https://www.tops-int.com/it-training-rajkot,Rajkot
17,https://www.tops-int.com/it-training-surat,Surat (Ring Road)
18,https://www.tops-int.com/it-training-gandhinagar,Gandhinagar
19,https://www.tops-int.com/it-training-nagpur,Nagpur
20,https://www.tops-int.com/webinar/careerinitwebinar31stmay,How to get a Job with Industrial Training
21,https://www.tops-int.com/webinar/fullstackwebinar31stmay,All About Full Stack Development
22,https://www.tops-int.com/webinar/fluterwebinar1stjune,How to Create Mobile App with Flutter
23,https://www.tops-int.com/python-training-course,Python Certification Course
24,https://www.tops-int.com/php-training-course,PHP Course
25,https://www.tops-int.com/java-training-course,Java Course
26,https://www.tops-int.com/asp-net-training-course,ASP.NET Training Course
27,https://www.tops-int.com/angular-training-course,Angular Training Course
28,https://www.tops-int.com/react-training-course,Best React Course
29,https://www.tops-int.com/c-cplus-training-course,"C, C++ Training Course"
30,https://www.tops-int.com/front-end-developer-course,Front End Developer Course
31,https://www.tops-int.com/fullstack-training-course,Full Stack Development Course
32,https://www.tops-int.com/flutter-training-course,Best Flutter Course
33,https://www.tops-int.com/web-development-course,Web Development Course
34,https://www.tops-int.com/software-engineering-course,Computer Course
35,https://www.tops-int.com/internet-of-things-training,Internet Of Things Training
36,https://www.tops-int.com/aspdotnet-mvc-training-course,ASP .Net MVC Full Course
37,https://www.tops-int.com/game-development-training-course,Game Development Course
38,https://www.tops-int.com/web-design-training-course,Web Designing Course
39,https://www.tops-int.com/graphic-design-training-course,Graphic Design Course
40,https://www.tops-int.com/ui-ux-designing-course,UI UX Design Course
41,https://www.tops-int.com/3d-animation-courses,3d Animation Courses
42,https://www.tops-int.com/unity-3d-game-development-course,Unity 3D Game Development Course
43,https://www.tops-int.com/css-training-course,CSS Training Course
44,https://www.tops-int.com/html-training-course,HTML Training Course
45,https://www.tops-int.com/ios-training-course,iOS Certification Course
46,https://www.tops-int.com/android-training-course,Android Training Course
47,https://www.tops-int.com/react-native-course,React Native Course
48,https://www.tops-int.com/net-core-course,.Net Core Course
49,https://www.tops-int.com/salesforce-training-course,Salesforce Training Course With Job Placement
50,https://www.tops-int.com/hibernate-training-course,Hibernate Training Course With Job Placement
51,https://www.tops-int.com/wordpress-training-course,WordPress Training Course With Job Placement
52,https://www.tops-int.com/magento-training-course,Magento Training Course
53,https://www.tops-int.com/codeigniter-training-course,CodeIgniter Training Course With Job Placement
54,https://www.tops-int.com/joomla-training-course,Joomla Training Course
55,https://www.tops-int.com/node-training-course,NodeJS Training Course
56,https://www.tops-int.com/struts-training-course,Struts Training Course With Job Placement
57,https://www.tops-int.com/liferay-training-course,Liferay Training Course
58,https://www.tops-int.com/machine-learning-course,Machine Learning Course
59,https://www.tops-int.com/data-analytics-course,Data Analytics Courses
60,https://www.tops-int.com/artificial-intelligence-course,Artificial Intelligence Course
61,https://www.tops-int.com/data-science-training-course,Data Science Course
62,https://www.tops-int.com/data-visualization-course,Data Visualization Course
63,https://www.tops-int.com/generative-ai-course,Generative AI Course
64,https://www.tops-int.com/prompt-engineering-course,Prompt Engineering Course
65,https://www.tops-int.com/computer-coding-for-kids,Computer Course for Kids
66,https://www.tops-int.com/robotics-courses,Robotics Courses
67,https://www.tops-int.com/live-project-training-php,Live Project Training in PHP
68,https://www.tops-int.com/live-project-training-java,Live Project Training in Java
69,https://www.tops-int.com/ios-live-project-training-course,Live Project Training in iOS
70,https://www.tops-int.com/live-project-training-asp-net,Live Project Training in ASP.NET
71,https://www.tops-int.com/live-project-training-android,Android Live Project Training Course
72,https://www.tops-int.com/final-year-project-training,Final Year Project Training
73,https://www.tops-int.com/live-project-training-web-designing,Live Project Training in Web Designing
74,https://www.tops-int.com/software-testing-training-course,Software Testing Course
75,https://www.tops-int.com/manual-testing-training-course,Manual Testing Course
76,https://www.tops-int.com/automation-testing-training-course,Automation Testing Courses
77,https://www.tops-int.com/selenium-training-course,Selenium Course
78,https://www.tops-int.com/mobile-testing-training-course,Mobile Testing Course
79,https://www.tops-int.com/hardware-networking-training-course,Hardware Networking Training Course
80,https://www.tops-int.com/cyber-security-training-course,Cyber Security Certification Course
81,https://www.tops-int.com/ethical-hacking-training-course,Ethical Hacking Course
82,https://www.tops-int.com/cloud-computing-training,Cloud Computing Course
83,https://www.tops-int.com/ccna-course,CCNA Course
84,https://www.tops-int.com/ccnp-training-course,CCNP Training Course
85,https://www.tops-int.com/linux-training-course,Linux Course
86,https://www.tops-int.com/mcsa-certification-training-course,MCSA Certification Training Course
87,https://www.tops-int.com/seo-training-course,SEO Course
88,https://www.tops-int.com/digital-marketing-training-course,Best Digital Marketing Course
89,https://www.tops-int.com/online-php-training-course,PHP Training Course Online
90,https://www.tops-int.com/java-training-course-online,Java Training Course Online
91,https://www.tops-int.com/aspdotnet-training-course-online,ASP.NET Training Course Online
92,https://www.tops-int.com/software-testing-training-course-online,Software Testing Training Course Online
93,https://www.tops-int.com/web-designing-training-course-online,Web Designing Training Course Online
94,https://www.tops-int.com/graphic-designing-training-course-online,Graphic Designing Training Course Online
95,https://www.tops-int.com/ios-app-training-course-online,iOS Training Course Online
96,https://www.tops-int.com/android-training-course-online,Android Training Course Online
97,https://www.tops-int.com/digital-marketing-training-course-online,Digital Marketing Training Course - Online
98,https://www.tops-int.com,
100,https://www.tops-int.com/python-training-course,Python Certification Course
101,https://www.tops-int.com/php-training-course,PHP Course
102,https://www.tops-int.com/java-training-course,Java Course
103,https://www.tops-int.com/asp-net-training-course,ASP.NET Training Course
104,https://www.tops-int.com/angular-training-course,Angular Training Course
105,https://www.tops-int.com/react-training-course,Best React Course
106,https://www.tops-int.com/c-cplus-training-course,"C, C++ Training Course"
107,https://www.tops-int.com/front-end-developer-course,Front End Developer Course
108,https://www.tops-int.com/fullstack-training-course,Full Stack Development Course
109,https://www.tops-int.com/flutter-training-course,Best Flutter Course
110,https://www.tops-int.com/web-development-course,Web Development Course
111,https://www.tops-int.com/software-engineering-course,Computer Course
112,https://www.tops-int.com/internet-of-things-training,Internet Of Things Training
113,https://www.tops-int.com/aspdotnet-mvc-training-course,ASP .Net MVC Full Course
114,https://www.tops-int.com/game-development-training-course,Game Development Course
115,https://www.tops-int.com/web-design-training-course,Web Designing Course
116,https://www.tops-int.com/graphic-design-training-course,Graphic Design Course
117,https://www.tops-int.com/ui-ux-designing-course,UI UX Design Course
118,https://www.tops-int.com/3d-animation-courses,3d Animation Courses
119,https://www.tops-int.com/unity-3d-game-development-course,Unity 3D Game Development Course
120,https://www.tops-int.com/css-training-course,CSS Training Course
121,https://www.tops-int.com/html-training-course,HTML Training Course
122,https://www.tops-int.com/ios-training-course,iOS Certification Course
123,https://www.tops-int.com/android-training-course,Android Training Course
124,https://www.tops-int.com/react-native-course,React Native Course
125,https://www.tops-int.com/net-core-course,.Net Core Course
126,https://www.tops-int.com/salesforce-training-course,Salesforce Training Course With Job Placement
127,https://www.tops-int.com/hibernate-training-course,Hibernate Training Course With Job Placement
128,https://www.tops-int.com/wordpress-training-course,WordPress Training Course With Job Placement
129,https://www.tops-int.com/magento-training-course,Magento Training Course
130,https://www.tops-int.com/codeigniter-training-course,CodeIgniter Training Course With Job Placement
131,https://www.tops-int.com/joomla-training-course,Joomla Training Course
132,https://www.tops-int.com/node-training-course,NodeJS Training Course
133,https://www.tops-int.com/struts-training-course,Struts Training Course With Job Placement
134,https://www.tops-int.com/liferay-training-course,Liferay Training Course
135,https://www.tops-int.com/machine-learning-course,Machine Learning Course
136,https://www.tops-int.com/data-analytics-course,Data Analytics Courses
137,https://www.tops-int.com/artificial-intelligence-course,Artificial Intelligence Course
138,https://www.tops-int.com/data-science-training-course,Data Science Course
139,https://www.tops-int.com/data-visualization-course,Data Visualization Course
140,https://www.tops-int.com/generative-ai-course,Generative AI Course
141,https://www.tops-int.com/prompt-engineering-course,Prompt Engineering Course
142,https://www.tops-int.com/computer-coding-for-kids,Computer Course for Kids
143,https://www.tops-int.com/robotics-courses,Robotics Courses
144,https://www.tops-int.com/live-project-training-php,Live Project Training in PHP
145,https://www.tops-int.com/live-project-training-java,Live Project Training in Java
146,https://www.tops-int.com/ios-live-project-training-course,Live Project Training in iOS
147,https://www.tops-int.com/live-project-training-asp-net,Live Project Training in ASP.NET
148,https://www.tops-int.com/live-project-training-android,Android Live Project Training Course
149,https://www.tops-int.com/final-year-project-training,Final Year Project Training
150,https://www.tops-int.com/live-project-training-web-designing,Live Project Training in Web Designing
151,https://www.tops-int.com/software-testing-training-course,Software Testing Course
152,https://www.tops-int.com/manual-testing-training-course,Manual Testing Course
153,https://www.tops-int.com/automation-testing-training-course,Automation Testing Courses
154,https://www.tops-int.com/selenium-training-course,Selenium Course
155,https://www.tops-int.com/mobile-testing-training-course,Mobile Testing Course
156,https://www.tops-int.com/hardware-networking-training-course,Hardware Networking Training Course
157,https://www.tops-int.com/cyber-security-training-course,Cyber Security Certification Course
158,https://www.tops-int.com/ethical-hacking-training-course,Ethical Hacking Course
159,https://www.tops-int.com/cloud-computing-training,Cloud Computing Course
160,https://www.tops-int.com/ccna-course,CCNA Course
161,https://www.tops-int.com/ccnp-training-course,CCNP Training Course
162,https://www.tops-int.com/linux-training-course,Linux Course
163,https://www.tops-int.com/mcsa-certification-training-course,MCSA Certification Training Course
164,https://www.tops-int.com/seo-training-course,SEO Course
165,https://www.tops-int.com/digital-marketing-training-course,Best Digital Marketing Course
166,https://www.tops-int.com/online-php-training-course,PHP Training Course Online
167,https://www.tops-int.com/java-training-course-online,Java Training Course Online
168,https://www.tops-int.com/aspdotnet-training-course-online,ASP.NET Training Course Online
169,https://www.tops-int.com/software-testing-training-course-online,Software Testing Training Course Online
170,https://www.tops-int.com/web-designing-training-course-online,Web Designing Training Course Online
171,https://www.tops-int.com/graphic-designing-training-course-online,Graphic Designing Training Course Online
172,https://www.tops-int.com/ios-app-training-course-online,iOS Training Course Online
173,https://www.tops-int.com/android-training-course-online,Android Training Course Online
174,https://www.tops-int.com/digital-marketing-training-course-online,Digital Marketing Training Course - Online
175,https://www.tops-int.com/placements,Placement
176,https://www.tops-int.com/job-fest,Job Fest
177,https://www.tops-int.com/campus-drive,Campus Drive
178,https://www.tops-int.com//,Webinar
179,https://www.tops-int.com/webinar/careerinitwebinar31stmay,How to get a Job with Industrial Training
180,https://www.tops-int.com/webinar/fullstackwebinar31stmay,All About Full Stack Development
181,https://www.tops-int.com/webinar/fluterwebinar1stjune,How to Create Mobile App with Flutter
182,https://www.tops-int.com//,Locations
183,https://www.tops-int.com/it-training-ahmedabad,Ahmedabad (C.G.Road)
184,https://www.tops-int.com/it-training-maninagar,Ahmedabad (Maninagar)
185,https://www.tops-int.com/it-training-sg-road,Ahmedabad (SG Road)
186,https://www.tops-int.com/it-training-nikol,Ahmedabad (Nikol)
187,https://www.tops-int.com/it-training-vadodara,Vadodara
188,https://www.tops-int.com/it-training-rajkot,Rajkot
189,https://www.tops-int.com/it-training-surat,Surat (Ring Road)
190,https://www.tops-int.com/it-training-gandhinagar,Gandhinagar
191,https://www.tops-int.com/it-training-nagpur,Nagpur
193,,
194,https://www.tops-int.com/study-abroad,Study Abroad
195,https://www.tops-int.com/outsourcing,Outsourcing
196,https://www.tops-int.com/webinar/certificate,Webinar Certificate
197,https://www.tops-int.com/lucky-draw,Lucky Draw
198,https://www.tops-int.com/success-stories,Success Stories
199,https://www.tops-int.com/blog,Blog
200,https://www.tops-int.com/contact-us,Contact us
201,https://www.tops-int.com/it-training,Explore Courses
203,https://www.tops-int.com/job-fest,Know More
204,https://www.youtube.com/watch?v=NJL4OS_vJI8,Watch Video
206,https://www.tops-int.com/campus-drive,Know More
207,https://www.youtube.com/watch?v=gj5dHrrtCC8,Watch Video
209,https://www.tops-int.com/blog/online-courses-to-pandemic-period-get-your-courses-at-home-2,The ULTIMATE in Online Learning
210,https://www.tops-int.com/blog/online-courses-to-pandemic-period-get-your-courses-at-home-2,See More
211,https://www.tops-int.com/blog/job-fest-2017-tops-technologies,Find Your Next Job at TOPS Job Fest
212,https://www.tops-int.com/blog/job-fest-2017-tops-technologies,See More
213,https://www.tops-int.com/blog/gtu-memorandum-for-student-training-and-placement,GTU Memorandum for Student Training and Placement
214,https://www.tops-int.com/blog/gtu-memorandum-for-student-training-and-placement,See More
215,https://www.tops-int.com/category/news,View All
216,https://www.tops-int.com/python-training-course,Python Certification Course
217,https://www.tops-int.com/php-training-course,PHP Course
218,https://www.tops-int.com/java-training-course,Java Course
219,https://www.tops-int.com/asp-net-training-course,ASP.NET Training Course
220,https://www.tops-int.com/angular-training-course,Angular Training Course
221,https://www.tops-int.com/react-training-course,Best React Course
222,https://www.tops-int.com/c-cplus-training-course,"C, C++ Training Course"
223,https://www.tops-int.com/front-end-developer-course,Front End Developer Course
224,https://www.tops-int.com/fullstack-training-course,Full Stack Development Course
225,https://www.tops-int.com/flutter-training-course,Best Flutter Course
226,https://www.tops-int.com/web-development-course,Web Development Course
227,https://www.tops-int.com/software-engineering-course,Computer Course
228,https://www.tops-int.com/internet-of-things-training,Internet Of Things Training
229,https://www.tops-int.com/aspdotnet-mvc-training-course,ASP .Net MVC Full Course
230,https://www.tops-int.com/game-development-training-course,Game Development Course
231,https://www.tops-int.com/web-design-training-course,Web Designing Course
232,https://www.tops-int.com/graphic-design-training-course,Graphic Design Course
233,https://www.tops-int.com/ui-ux-designing-course,UI UX Design Course
234,https://www.tops-int.com/3d-animation-courses,3d Animation Courses
235,https://www.tops-int.com/unity-3d-game-development-course,Unity 3D Game Development Course
236,https://www.tops-int.com/css-training-course,CSS Training Course
237,https://www.tops-int.com/html-training-course,HTML Training Course
238,https://www.tops-int.com/ios-training-course,iOS Certification Course
239,https://www.tops-int.com/android-training-course,Android Training Course
240,https://www.tops-int.com/react-native-course,React Native Course
241,https://www.tops-int.com/net-core-course,.Net Core Course
242,https://www.tops-int.com/salesforce-training-course,Salesforce Training Course With Job Placement
243,https://www.tops-int.com/hibernate-training-course,Hibernate Training Course With Job Placement
244,https://www.tops-int.com/wordpress-training-course,WordPress Training Course With Job Placement
245,https://www.tops-int.com/magento-training-course,Magento Training Course
246,https://www.tops-int.com/codeigniter-training-course,CodeIgniter Training Course With Job Placement
247,https://www.tops-int.com/joomla-training-course,Joomla Training Course
248,https://www.tops-int.com/node-training-course,NodeJS Training Course
249,https://www.tops-int.com/struts-training-course,Struts Training Course With Job Placement
250,https://www.tops-int.com/liferay-training-course,Liferay Training Course
251,https://www.tops-int.com/machine-learning-course,Machine Learning Course
252,https://www.tops-int.com/data-analytics-course,Data Analytics Courses
253,https://www.tops-int.com/artificial-intelligence-course,Artificial Intelligence Course
254,https://www.tops-int.com/data-science-training-course,Data Science Course
255,https://www.tops-int.com/data-visualization-course,Data Visualization Course
256,https://www.tops-int.com/generative-ai-course,Generative AI Course
257,https://www.tops-int.com/prompt-engineering-course,Prompt Engineering Course
258,https://www.tops-int.com/computer-coding-for-kids,Computer Course for Kids
259,https://www.tops-int.com/robotics-courses,Robotics Courses
260,https://www.tops-int.com/live-project-training-php,Live Project Training in PHP
261,https://www.tops-int.com/live-project-training-java,Live Project Training in Java
262,https://www.tops-int.com/ios-live-project-training-course,Live Project Training in iOS
263,https://www.tops-int.com/live-project-training-asp-net,Live Project Training in ASP.NET
264,https://www.tops-int.com/live-project-training-android,Android Live Project Training Course
265,https://www.tops-int.com/final-year-project-training,Final Year Project Training
266,https://www.tops-int.com/live-project-training-web-designing,Live Project Training in Web Designing
267,https://www.tops-int.com/software-testing-training-course,Software Testing Course
268,https://www.tops-int.com/manual-testing-training-course,Manual Testing Course
269,https://www.tops-int.com/automation-testing-training-course,Automation Testing Courses
270,https://www.tops-int.com/selenium-training-course,Selenium Course
271,https://www.tops-int.com/mobile-testing-training-course,Mobile Testing Course
272,https://www.tops-int.com/hardware-networking-training-course,Hardware Networking Training Course
273,https://www.tops-int.com/cyber-security-training-course,Cyber Security Certification Course
274,https://www.tops-int.com/ethical-hacking-training-course,Ethical Hacking Course
275,https://www.tops-int.com/cloud-computing-training,Cloud Computing Course
276,https://www.tops-int.com/ccna-course,CCNA Course
277,https://www.tops-int.com/ccnp-training-course,CCNP Training Course
278,https://www.tops-int.com/linux-training-course,Linux Course
279,https://www.tops-int.com/mcsa-certification-training-course,MCSA Certification Training Course
280,https://www.tops-int.com/seo-training-course,SEO Course
281,https://www.tops-int.com/digital-marketing-training-course,Best Digital Marketing Course
282,https://www.tops-int.com/php-training-course,PHP Course
283,https://www.tops-int.com/java-training-course,Java Course
284,https://www.tops-int.com/asp-net-training-course,ASP.NET Training Course
285,https://www.tops-int.com/web-design-training-course,Web Designing Course
286,https://www.tops-int.com/graphic-design-training-course,Graphic Design Course
287,https://www.tops-int.com/ios-training-course,iOS Certification Course
288,https://www.tops-int.com/android-training-course,Android Training Course
289,https://www.tops-int.com/software-testing-training-course,Software Testing Course
290,https://www.tops-int.com/digital-marketing-training-course,Best Digital Marketing Course
291,https://www.youtube.com/watch?v=RRxtkYIavXc,
292,https://www.tops-int.com/webinar/careerinitwebinar31stmay,Attend Webinar
293,https://www.youtube.com/watch?v=RRxtkYIavXc,
294,https://www.tops-int.com/webinar/fullstackwebinar31stmay,Attend Webinar
295,https://www.youtube.com/watch?v=SIZzRyieNfs,
296,https://www.tops-int.com/webinar/fluterwebinar1stjune,Attend Webinar
297,https://www.tops-int.com/it-training-ahmedabad,Visit Us
299,https://maps.app.goo.gl/iYp8rFQUux15TShz9,Get Direction
300,https://www.tops-int.com/it-training-maninagar,Visit Us
302,https://g.page/TOPS-Technologies-Maninagar?share,Get Direction
303,https://www.tops-int.com/it-training-sg-road,Visit Us
305,https://goo.gl/maps/LZ2GE33eLoSuMSj3A,Get Direction
306,https://www.tops-int.com/it-training-nikol,Visit Us
308,https://maps.app.goo.gl/hke3MWNRVLBbUkRH8,Get Direction
309,https://www.tops-int.com/it-training-vadodara,Visit Us
311,https://g.page/TOPS-Technologies-Vadodara?share,Get Direction
312,https://www.tops-int.com/it-training-rajkot,Visit Us
314,https://g.page/TOPS-Technologies-Rajkot?share,Get Direction
315,https://www.tops-int.com/it-training-surat,Visit Us
317,https://g.page/TOPS-Technologies-Surat?share,Get Direction
318,https://www.tops-int.com/it-training-gandhinagar,Visit Us
320,https://g.page/TOPS-Gandhinagar?share,Get Direction
321,https://www.tops-int.com/it-training-nagpur,Visit Us
323,https://goo.gl/maps/gKWkiSuENXvpVYcK8,Get Direction
325,,Read More
326,,Read More
327,,Read More
328,,Read More
329,,Read More
330,,Read More
331,,Read More
332,,Read More
333,,Read More
334,,Read More
335,,Read More
336,,Read More
337,,Read More
338,,Read More
339,,Read More
340,https://admin.tops-int.com/storage/media/resized/26925.jpg,
341,https://admin.tops-int.com/storage/media/resized/66776.jpeg,
342,https://admin.tops-int.com/storage/media/resized/75527.jpg,
343,https://admin.tops-int.com/storage/media/resized/47012.jpg,
344,https://admin.tops-int.com/storage/media/resized/50369.jpg,
345,https://admin.tops-int.com/storage/media/resized/19393.jpg,
346,https://admin.tops-int.com/storage/media/resized/56089.jpg,
347,https://admin.tops-int.com/storage/media/resized/47317.jpg,
348,https://admin.tops-int.com/storage/media/resized/66912.jpeg,
349,https://admin.tops-int.com/storage/media/resized/69079.jpg,
350,https://admin.tops-int.com/storage/media/resized/80967.jpeg,
351,https://admin.tops-int.com/storage/media/resized/54677.jpg,
352,https://admin.tops-int.com/storage/media/resized/91308.jpg,
353,https://admin.tops-int.com/storage/media/resized/91595.jpg,
354,https://admin.tops-int.com/storage/media/resized/50369.jpg,
355,https://admin.tops-int.com/storage/media/resized/35825.jpg,
356,https://admin.tops-int.com/storage/media/resized/56089.jpg,
357,https://admin.tops-int.com/storage/media/resized/79572.jpg,
358,https://admin.tops-int.com/storage/media/resized/17041.jpg,
359,https://admin.tops-int.com/storage/media/resized/72551.jpg,
360,https://admin.tops-int.com/storage/media/resized/69504.jpg,
361,https://admin.tops-int.com/storage/media/resized/94396.jpg,
362,https://admin.tops-int.com/storage/media/resized/12272.jpg,
363,https://admin.tops-int.com/storage/media/resized/26925.jpg,
364,https://admin.tops-int.com/storage/media/resized/29963.jpg,
365,https://admin.tops-int.com/storage/media/resized/75527.jpg,
366,https://admin.tops-int.com/storage/media/resized/44678.jpg,
367,https://admin.tops-int.com/storage/media/resized/75663.jpg,
368,https://admin.tops-int.com/storage/media/resized/93220.jpg,
369,https://admin.tops-int.com/storage/media/resized/42827.jpg,
370,https://admin.tops-int.com/storage/media/resized/68261.jpg,
371,https://admin.tops-int.com/storage/media/resized/47317.jpg,
372,https://admin.tops-int.com/storage/media/resized/41400.jpg,
373,https://admin.tops-int.com/storage/media/resized/19990.jpg,
374,https://admin.tops-int.com/storage/media/resized/66776.jpeg,
375,https://admin.tops-int.com/storage/media/resized/18079.jpg,
376,https://admin.tops-int.com/storage/media/resized/38208.jpg,
377,https://admin.tops-int.com/storage/media/resized/59727.jpg,
378,https://admin.tops-int.com/storage/media/resized/26984.jpg,
379,https://admin.tops-int.com/storage/media/resized/96179.jpg,
380,https://admin.tops-int.com/storage/media/resized/52228.jpg,
381,https://admin.tops-int.com/storage/media/resized/37540.jpg,
382,https://admin.tops-int.com/storage/media/resized/22647.jpg,
383,https://admin.tops-int.com/storage/media/resized/57363.jpg,
384,https://admin.tops-int.com/storage/media/resized/35443.jpg,
385,https://admin.tops-int.com/storage/media/resized/32953.jpg,
386,https://admin.tops-int.com/storage/media/resized/32321.jpg,
387,https://admin.tops-int.com/storage/media/resized/15301.jpg,
388,https://www.tops-int.com/blog/top-seo-tools-reviewed-comparing-ahrefs-semrush-moz-more,View full Blog
389,https://www.tops-int.com/blog/course-pricing-roi-analyzing-costs-vs-expected-returns,View full Blog
390,https://www.tops-int.com/blog/certifications-career-benefits-unlocking-career-growth-through-digital-marketing-courses,View full Blog
391,https://www.tops-int.com/blog/top-online-courses-popular-digital-marketing-programs,View full Blog
393,https://www.tops-int.com/it-training-ahmedabad,Ahmedabad (C.G.Road)
394,https://www.tops-int.com/it-training-maninagar,Ahmedabad (Maninagar)
395,https://www.tops-int.com/it-training-sg-road,Ahmedabad (SG Road)
396,https://www.tops-int.com/it-training-nikol,Ahmedabad (Nikol)
397,https://www.tops-int.com/it-training-vadodara,Vadodara
398,https://www.tops-int.com/it-training-rajkot,Rajkot
399,https://www.tops-int.com/it-training-surat,Surat (Ring Road)
400,https://www.tops-int.com/it-training-gandhinagar,Gandhinagar
401,https://www.tops-int.com/it-training-nagpur,Nagpur
402,https://www.tops-int.com/it-training,IT Training
403,https://www.tops-int.com/it-training?category=online-courses,Online IT Training
404,https://www.tops-int.com/it-training?category=live-project-training,Live Training
405,https://www.tops-int.com/placements,Placement
406,https://www.tops-int.com/outsourcing,Outsourcing
407,https://www.tops-int.com/study-abroad,Study Abroad
408,https://www.tops-int.com/job-fest,JobFest
409,https://www.tops-int.com/campus-drive,Campus Drive
410,https://www.tops-int.com/software-development,Software Development
411,https://www.tops-int.com/designing,Designing
412,https://www.tops-int.com/mobile-development,Mobile Development
413,https://www.tops-int.com/specialized-courses,Specialized Courses
414,https://www.tops-int.com/data-science-ai-and-ml,Data Science AI And ML
415,https://www.tops-int.com/kids,Kids
416,https://www.tops-int.com/live-project-training,Live Project Training
417,https://www.tops-int.com/software-testing,Software Testing
418,https://www.tops-int.com/hardware-networking,Hardware Networking
419,https://www.tops-int.com/digital-marketing,Digital Marketing
420,https://www.tops-int.com/blog,Blogs
421,https://www.tops-int.com/contact-us,Contact
422,https://www.tops-int.com/sitemap.xml,Sitemap
423,https://www.tops-int.com/privacy-policy,Privacy Policy
424,https://www.tops-int.com/top-it-companies,List of Top IT Companies
425,https://www.facebook.com/TOPSTech/,
426,https://www.instagram.com/topstech/,
427,https://in.linkedin.com/company/tops-technologies,
428,https://twitter.com/topstech,
430,https://wa.me/917622011173?text=Hi%2C+I+want+to+inquire+about+TOPS+Technologies+Pvt.+Ltd.,Leave a Whatsapp Message
